text,label,actual_urgency,predicted_urgency,matched_rule,reason,needs_review,is_correct
消防通道的门被上锁，紧急时可能无法通过,校园安全,高,高,health_protection,缺少基本生活保护条件，存在明确健康风险,False,True
体育馆预约成功后不显示具体场地编号，每次到现场都要反复询问工作人员，已经影响正常使用。,其他,中,中,default_medium,文本未命中明确高风险或低风险规则，按一般影响处理并建议复核,True,True
实验室部分电脑无法正常启动实验软件,教学设施,中,中,service_failure,影响正常学习生活：无法,False,True
学校班车这周连续三天没有按公布时刻发车，等了四十分钟也没车，已经多次耽误跨校区上课。,其他,中,中,default_medium,文本未命中明确高风险或低风险规则，按一般影响处理并建议复核,True,True
实验楼的无线网络信号很弱，经常自动断开,校园网络,中,中,default_medium,文本未命中明确高风险或低风险规则，按一般影响处理并建议复核,True,True
教务系统选课时一直显示加载失败,校园网络,高,高,time_critical_service_failure,有明确办理时限的关键学习业务发生故障：加载失败,False,True
部分课桌椅高度不合适，希望逐步更换,教学设施,低,低,suggestion_or_minor_issue,一般建议或体验优化，未发现直接安全健康风险,False,True
教学楼一层的疏散出口被成堆的杂物堵住，门只能打开一条缝，楼内还在上课，请马上清理。,校园安全,高,高,health_protection,缺少基本生活保护条件，存在明确健康风险,False,True
寝室门锁从里面能正常打开，外面的钥匙却一直转不动，我们现在进不了房间。,宿舍设施,高,高,health_protection,缺少基本生活保护条件，存在明确健康风险,False,True
多个教学楼同时无法访问校内教务系统,校园网络,高,高,large_scale_failure,大范围服务中断：无法,False,True
宿舍宽带从昨晚开始一直连不上影响正常上网,宿舍设施,中,中,service_failure,影响正常学习生活：连不上,False,True
图书报告厅空调坏了，好热啊,教学设施,中,中,service_failure,影响正常学习生活：坏了,False,True
校园公共区域的分类垃圾桶标识不清楚,其他,低,低,suggestion_or_minor_issue,一般建议或体验优化，未发现直接安全健康风险,False,True
高峰时段只有两个窗口开放，排队时间很长,食堂餐饮,中,中,default_medium,文本未命中明确高风险或低风险规则，按一般影响处理并建议复核,True,True
全校教学区的有线和无线网络同时中断，正在进行的多场线上考试都停了，请马上处理。,校园网络,高,高,critical_operation_failure,关键业务或明确截止期限受到大范围影响，需要立即响应,False,True
教室窗帘无法拉上，投影画面看不清,教学设施,中,中,service_failure,影响正常学习生活：无法,False,True
教室投影仪突然冒烟并出现明火，老师正在带大家撤离，请紧急处理。,校园安全,高,高,direct_safety_or_health_threat,检测到现实安全或健康威胁：明火,False,True
多名同学在同一窗口就餐后出现呕吐和腹泻,食堂餐饮,高,高,health_protection,缺少基本生活保护条件，存在明确健康风险,False,True
在教学楼登录校内网络时总是跳回认证页面，账号密码确认没错，一上午都用不了。,校园网络,中,中,default_medium,文本未命中明确高风险或低风险规则，按一般影响处理并建议复核,True,True
快递站取件高峰排队太久，希望增加工作人员,其他,中,中,continued_service_impact,持续影响正常服务获取：排队太久,False,True
我们寝室的门从里面反锁了打不开，现在进不去,宿舍设施,高,高,health_protection,缺少基本生活保护条件，存在明确健康风险,False,True
教室空调一直非常冷调节温度后仍没有改善,教学设施,低,低,suggestion_or_minor_issue,一般建议或体验优化，未发现直接安全健康风险,False,True
校园道路施工区域缺少夜间反光提示,校园安全,高,高,health_protection,缺少基本生活保护条件，存在明确健康风险,False,True
宿舍洗衣机收了钱却一直不启动，换了程序也没用，衣服还泡在里面。,宿舍设施,中,中,default_medium,文本未命中明确高风险或低风险规则，按一般影响处理并建议复核,True,True
寝室天花板下雨时渗水，床铺都被打湿了,宿舍设施,中,中,service_failure,影响正常学习生活：渗水,False,True
校园办事系统上传附件时总是提示失败,教学设施,中,中,default_medium,文本未命中明确高风险或低风险规则，按一般影响处理并建议复核,True,True
校园卡线下补办窗口连续两天在公告的办公时间内无人值班，我一直办不了新卡。,其他,中,中,default_medium,文本未命中明确高风险或低风险规则，按一般影响处理并建议复核,True,True
校园里有只受伤的小猫，在花坛旁边，需要人来帮忙,其他,中,中,default_medium,文本未命中明确高风险或低风险规则，按一般影响处理并建议复核,True,True
图书馆三楼照明灯频繁闪烁，阅读时很不舒服,教学设施,中,中,default_medium,文本未命中明确高风险或低风险规则，按一般影响处理并建议复核,True,True
建议保卫处增加识别电信诈骗的情景讲解，现有宣传海报看起来不太容易记住。,校园安全,低,低,suggestion_or_minor_issue,一般建议或体验优化，未发现直接安全健康风险,False,True
宿舍水龙头出水量正常，就是把手上的冷热标记磨没了，建议补个标识。,宿舍设施,低,低,suggestion_or_minor_issue,一般建议或体验优化，未发现直接安全健康风险,False,True
今天是毕业材料提交的最后一天，全体毕业生的学籍证明都被系统生成成空白文件，急需人工协调出具有效证明。,其他,高,高,critical_operation_failure,关键业务或明确截止期限受到大范围影响，需要立即响应,False,True
中午和晚上食堂排队的人太多了,食堂餐饮,低,低,suggestion_or_minor_issue,一般建议或体验优化，未发现直接安全健康风险,False,True
希望食堂能标出菜品里的花生等过敏原,食堂餐饮,中,中,default_medium,文本未命中明确高风险或低风险规则，按一般影响处理并建议复核,True,True
自习教室的桌面有旧贴纸残胶，桌椅都完好能用，建议保洁时清理一下。,教学设施,低,低,suggestion_or_minor_issue,一般建议或体验优化，未发现直接安全健康风险,False,True
食堂餐后清洁时段影响部分通道通行,食堂餐饮,中,中,default_medium,文本未命中明确高风险或低风险规则，按一般影响处理并建议复核,True,True
宽带账号今天提示欠费，但我们已经正常缴费,宿舍设施,中,中,default_medium,文本未命中明确高风险或低风险规则，按一般影响处理并建议复核,True,True
宿舍床边插座正在冒火花，还有焦糊味，旁边就是被褥，请马上来人处理！,校园安全,高,高,direct_safety_or_health_threat,检测到现实安全或健康威胁：火花,False,True
多媒体教室电脑开机后无法识别U盘,教学设施,中,中,service_failure,影响正常学习生活：无法,False,True
开学后心理咨询预约一直没有空位，希望增加时段,其他,中,中,continued_service_impact,持续影响正常服务获取：一直没有空位,False,True
宿舍窗户关不严，晚上风很大,宿舍设施,中,中,default_medium,文本未命中明确高风险或低风险规则，按一般影响处理并建议复核,True,True
机房电脑无法通过校园网访问教学平台,校园网络,中,中,service_failure,影响正常学习生活：无法,False,True
夜间有人骑车逆行速度很快，多次差点撞到行人,校园安全,高,高,health_protection,缺少基本生活保护条件，存在明确健康风险,False,True
浴室排水太慢，每次洗完澡地上都积水,宿舍设施,中,中,default_medium,文本未命中明确高风险或低风险规则，按一般影响处理并建议复核,True,True
房间空调开机后不制冷，已经持续两天,宿舍设施,中,中,service_failure,影响正常学习生活：不制冷,False,True
窗口刷卡两次导致重复扣费,食堂餐饮,中,中,service_failure,影响正常学习生活：重复扣费,False,True
食堂餐具回收处的指示不够清楚，新同学常常找错地方，希望加一块醒目的指引牌。,食堂餐饮,低,低,suggestion_or_minor_issue,一般建议或体验优化，未发现直接安全健康风险,False,True
课堂使用的扩音设备声音断断续续,教学设施,中,中,default_medium,文本未命中明确高风险或低风险规则，按一般影响处理并建议复核,True,True
宿舍楼饮水设备出水速度异常，接一杯水需要很长时间,宿舍设施,低,低,suggestion_or_minor_issue,一般建议或体验优化，未发现直接安全健康风险,False,True
希望增加心理咨询的线上预约时段,其他,低,低,suggestion_or_minor_issue,一般建议或体验优化，未发现直接安全健康风险,False,True
