text,label,urgency,department
电梯坏了，我被困在电梯里面出不来了！！,校园安全,高,保卫处
实验室空调运行异常，实验过程中温度过高,教学设施,高,教学保障
食堂餐桌上的调味品长期没有补充,食堂餐饮,中,餐饮管理
希望校园公告同时提供更清晰的截止日期,其他,低,人工处理
校园网络连接后经常自动断开,校园网络,低,网络管理部
社团活动场地申请后很久没有收到结果,其他,中,人工处理
我们寝室空调开了十分钟还是不制冷，麻烦安排师傅看一下,宿舍设施,中,慧湖物业中心
校园里有电动车逆行，刚才差点撞到人,校园安全,高,保卫处
宿舍楼楼梯扶手有松动情况,宿舍设施,高,慧湖物业中心
宽带连不上,宿舍设施,中,慧湖物业中心
食堂入口有人持棍威胁排队的同学，现场还在争吵，请立即派人过来。,校园安全,高,保卫处
食堂窗口实际收费和标价牌不一致,食堂餐饮,低,餐饮管理
连接校园网后总是跳回认证页面,校园网络,中,网络管理部
明天开考的全部听力考场今天联调时音响都无法播放，涉及上千名考生，请立即组织检修。,教学设施,高,教学保障
学校食堂微波炉着火了,校园安全,高,保卫处
午饭时间食堂排队经常超过半小时希望优化,食堂餐饮,中,餐饮管理
教学楼A205的麦克风没有声音，老师上课只能一直喊,教学设施,中,教学保障
外带餐盒没有标明打包费用,食堂餐饮,低,餐饮管理
学校的菜里面吃出来钢丝,食堂餐饮,高,餐饮管理
走廊公共饮水机一直不出热水,宿舍设施,中,慧湖物业中心
图书馆的校园网反复提示认证失败无法登录,校园网络,低,网络管理部
教学楼B203的照明灯有一半不亮，阴天坐在后排看书很费劲，请安排检修。,教学设施,中,教学保障
我昨天晚上楼下外卖被偷了！！！！！,其他,低,人工处理
校园网没有中断，只是视频课程偶尔缓冲,校园网络,低,网络管理部
校园西侧道路夜间有一段照明缺失,校园安全,高,保卫处
建议把套餐包含哪些菜写清楚，省得每次都要向窗口工作人员询问。,食堂餐饮,低,餐饮管理
校园网连不上,校园网络,中,网络管理部
学校出现了神秘奶龙，一直在移动,其他,低,人工处理
宿舍洗手间水龙头坏了关不紧一直漏水,宿舍设施,高,慧湖物业中心
学校下雨没有提供任何防滑措施，已经有一个人摔倒了,校园安全,高,保卫处
实验楼校园网的有线接口从昨天起就无法获取地址，同一排六台电脑都上不了网，其他楼使用正常。,校园网络,中,网络管理部
食堂高峰期餐具供应不够及时,食堂餐饮,高,餐饮管理
宿舍公共洗衣房有一台机器无法启动,宿舍设施,中,慧湖物业中心
南校门有大卡车堵住门口，大家都出不去,校园安全,高,保卫处
自行车停车区域车辆摆放杂乱，影响进出,其他,中,人工处理
校园网认证页面的退出按钮太小了，手机上不太好点，希望调整一下。,校园网络,低,网络管理部
教室空调一直吹冷风，调整温度后仍未改善,教学设施,低,教学保障
食堂餐盘回收区域缺少分类提示,食堂餐饮,中,餐饮管理
学校施工完之后附近的地上有个坑没有填起来，学生容易摔倒,校园安全,高,保卫处
食堂餐具上有明显油污，请尽快检查消毒情况,食堂餐饮,高,餐饮管理
上课时投影设备和校园网同时故障，投影完全无法使用,教学设施,中,教学保障
今天买到的菜是凉的，希望注意保温,食堂餐饮,低,餐饮管理
口语老师讲话听不懂,其他,低,人工处理
学校里面有一处电线老化严重,校园安全,高,保卫处
教务系统修改个人信息时页面报错,教学设施,中,教学保障
建议延长图书馆周末开放时间,其他,低,人工处理
学校东门外电动车总是闯红灯好危险,其他,高,人工处理
希望学校能增加简历修改和模拟面试活动，帮助我们提前熟悉求职流程。,其他,低,人工处理
宿舍宽带没有完全断，只是下载速度比以前慢,宿舍设施,低,慧湖物业中心
失物招领的信息能不能集中到一个地方查询,其他,中,人工处理
上课期间整间计算机教室突然无法联网,校园网络,中,网络管理部
体育馆出口的玻璃门碎了一角，边缘很锋利,校园安全,高,保卫处
食堂午餐时段取餐窗口开放数量较少,食堂餐饮,中,餐饮管理
校园网晚上速度比较慢但浏览网页还能使用,校园网络,低,网络管理部
宿舍消防报警器附近有物品堆放,宿舍设施,高,慧湖物业中心
食堂厕所发酵了，还有烟味,食堂餐饮,高,餐饮管理
阳台晾衣杆有一端松了，希望安排维修,宿舍设施,中,慧湖物业中心
宿舍卫生间的排风扇坏了，屋里一直很潮湿,宿舍设施,中,慧湖物业中心
下课后无法从一体机上获取上课课件，二维码无响应,教学设施,中,教学保障
米饭有点夹生,食堂餐饮,中,餐饮管理
宿舍宽带能连上但是晚高峰经常卡顿,宿舍设施,低,慧湖物业中心
建议学校办一个二手教材交换活动，方便大家把闲置书籍用起来。,其他,低,人工处理
饭菜并没有变质，只是味道偏咸,食堂餐饮,低,餐饮管理
教室投影画面略微偏黄，但文字和图片都能看清，希望保养时校正颜色。,教学设施,低,教学保障
晚自习那间教室的灯坏了一排，坐后面看书很费眼睛,教学设施,中,教学保障
教学楼附近的路上有很多虫子,其他,低,人工处理
垃圾学校,其他,低,人工处理
每次刚下课的时候食堂门口都有好多人排队,食堂餐饮,中,餐饮管理
图书馆电子阅览区部分电脑无法登录,教学设施,中,教学保障
校园网根本连不上，没法正常使用,校园网络,中,网络管理部
校园网密码修改后新密码无法登录,校园网络,高,网络管理部
教学楼安全出口被杂物挡住了,校园安全,高,保卫处
学校打印机好少，不够用,教学设施,低,教学保障
校园道路施工区域晚上没有警示灯,校园安全,高,保卫处
第二食堂面食窗口连续几天提前半小时停止供餐，晚下课的同学经常买不到晚饭。,食堂餐饮,中,餐饮管理
图书馆靠窗位置下午阳光较强，影响阅读,其他,低,人工处理
午餐高峰只开一个打饭窗口，已经连续一周排队四十多分钟，下午上课总是来不及。,食堂餐饮,中,餐饮管理
学校一直不分配储物柜，新生东西没处放,教学设施,中,教学保障
茶水间饮水设备出水温度不正常,教学设施,中,教学保障
习概老师迟到了,其他,中,人工处理
某某寝厕所下水道堵了,宿舍设施,高,慧湖物业中心
校内一段楼梯附近的路灯全部熄灭夜间很危险,校园安全,高,保卫处
宿舍楼下电动车经常触发防盗警报，一楼的同学很难休息好,宿舍设施,中,慧湖物业中心
今天在食堂饭菜里发现了异物请尽快检查卫生,食堂餐饮,高,餐饮管理
快递柜有几个柜门无法正常打开,其他,中,人工处理
登录校园网总提示密码错误，但我在统一身份认证里能正常登录,校园网络,中,网络管理部
同一份套餐连续几天价格不一样,食堂餐饮,低,餐饮管理
校园主路的井盖不见了，坑口没有围挡，刚才差点有人骑车掉进去。,校园安全,高,保卫处
某楼层洗衣机门锁住打不开了,宿舍设施,中,慧湖物业中心
雨天教学楼入口地面很滑，已经有同学摔倒,校园安全,高,保卫处
宿舍衣柜的抽屉卡住拉不开了，日常要用的衣物拿不出来，请安排维修。,宿舍设施,中,慧湖物业中心
修远114投影坏了,教学设施,中,教学保障
宿舍插座没有漏电只是外面的盖板松动了,宿舍设施,中,慧湖物业中心
自习室有几盏灯损坏，桌面光线不足,教学设施,中,教学保障
今晚整个宿舍园区突然停水，几千名同学无法洗漱和正常如厕，也没有临时供水点，请立即协调供水。,宿舍设施,高,慧湖物业中心
我在教学楼捡到一张学生卡，应该交到哪里,其他,低,人工处理
校门口的人行横道车辆不减速，希望能安排人员疏导,校园安全,高,保卫处
宿舍无线网络信号在晚上明显变弱,宿舍设施,中,慧湖物业中心
同学发言口语老师听不懂,其他,低,人工处理
校园卡在打印设备上无法正常扣费,教学设施,中,教学保障
宿舍楼下快递柜经常满，取件短信来了也放不进去,其他,低,人工处理
图书馆部分座位收不到校园无线网络,校园网络,低,网络管理部
宿舍空调运行声音很大但目前还能正常制冷,宿舍设施,低,慧湖物业中心
床板断了一根，睡觉时会往下塌,宿舍设施,高,慧湖物业中心
选课系统进入课程详情页面速度很慢,教学设施,低,教学保障
东门外有人追着学生推销，还堵着通道,校园安全,中,保卫处
毕业证明线上申请页面的说明不够清楚,其他,低,人工处理
食堂的饭太难吃了,食堂餐饮,低,餐饮管理
自习室插座数量太少，希望后续增加,教学设施,低,教学保障
报告厅明明显示已连接学校无线网，却打不开任何网页，换了几台电脑都是这样。,校园网络,中,网络管理部
上课时教室投影仪一直没有信号无法使用,教学设施,中,教学保障
阶梯教室的话筒说一句断一句，后排同学听不清讲课，换电池也没解决。,教学设施,中,教学保障
学校WIFI烂到爆,校园网络,低,网络管理部
寝室门锁突然打不开，人在门外进不去,宿舍设施,中,慧湖物业中心
宿舍淋浴的热水这三天一直没有，冷水供应正常，大家只能去别的房间洗澡，请尽快维修。,宿舍设施,中,慧湖物业中心
校园网晚上十点后特别卡，网课视频一直转圈,校园网络,中,网络管理部
晚上从图书馆回宿舍的那条路太暗了，有几盏路灯不亮,校园安全,中,保卫处
教室的电子白板无法正常触控,教学设施,中,教学保障
寝室半夜发现厕所门自己反锁了,宿舍设施,高,慧湖物业中心
楼道里闻到很重的焦糊味，但暂时没看到明火,校园安全,高,保卫处
饮水机没水了,宿舍设施,中,慧湖物业中心
图书馆闭馆时间能延后半小时吗，考试周座位一直不够,其他,低,人工处理
图书馆座位预约系统出现重复占座情况,其他,中,人工处理
食堂总是做鸡腿，品种太单一了，我想要更多品种,食堂餐饮,低,餐饮管理
建议增加校园文化活动的种类和场次,其他,低,人工处理
图书馆复印设备无法正常扫描文件,教学设施,中,教学保障
宿舍楼电梯按钮有时无法正常响应,宿舍设施,高,慧湖物业中心
教室投影仪坏了并且旁边的插座正在冒烟,校园安全,高,保卫处
校园绿化区域有枯枝落叶长期无人清理,其他,低,人工处理
宿舍断网了，整层都连不上,宿舍设施,中,慧湖物业中心
宿舍热水太贵了，要洗不起澡了,宿舍设施,低,慧湖物业中心
建议优化奖学金申请材料的提交流程,其他,低,人工处理
宿舍楼公共卫生间排风设备声音异常,宿舍设施,中,慧湖物业中心
校园活动报名通知发布得太晚，希望提前公布,其他,低,人工处理
教室窗帘卡住了，下午阳光正好照在黑板上,教学设施,中,教学保障
学校网络认证系统大面积故障，所有考场都无法登录，统一机考十分钟后开始，急需恢复。,校园网络,高,网络管理部
宿舍淋浴间下水管道堵塞，洗澡时积水严重,宿舍设施,高,慧湖物业中心
学校能多设置几处直饮水点吗，夏天排队比较久,其他,低,人工处理
这周食堂的素菜选择太少了,食堂餐饮,低,餐饮管理
宿舍电梯今天连续停了两次，里面还有人被困过,宿舍设施,高,慧湖物业中心
图书馆二楼那个报告厅空调好热，跟没开一样,教学设施,中,教学保障
三号楼一层厕所的水龙头一直漏水，地上已经积了一大片,教学设施,高,教学保障
楼梯扶手已经松动刚才有人差点摔倒,校园安全,高,保卫处
教学楼公共区域的指示灯部分不亮,校园安全,中,保卫处
教学楼一层大厅的灯坏了,教学设施,中,教学保障
食堂太贵了,食堂餐饮,低,餐饮管理
寝室窗帘的遮光效果不太好，窗帘和轨道都完好，建议以后更换时选厚一点的。,宿舍设施,低,慧湖物业中心
双主校区正在直播，网络突然断了，直播无法继续,校园网络,高,网络管理部
图书馆学习区域的充电插座有部分没有电,教学设施,中,教学保障
计算机教室的设备启动后都进不了教学系统，网络连接正常，整节实验课做不了。,教学设施,中,教学保障
希望在校医院预约页面写清楚周末接诊时间,其他,低,人工处理
宿舍洗衣机扣了费却没有启动,宿舍设施,中,慧湖物业中心
我们寝室空调遥控器的显示屏不亮了，不过按键和制冷都正常，方便时帮忙换一下吧。,宿舍设施,低,慧湖物业中心
教学楼卫生间洗手液长期没有补充,教学设施,低,教学保障
有人把电动车停在消防通道上，消防车可能进不来,校园安全,高,保卫处
科研楼有线网络端口无法获取地址,校园网络,中,网络管理部
建议学校建立统一的失物招领信息平台,其他,中,人工处理
储物柜部分柜门无法锁闭,校园安全,中,保卫处
宿舍五楼洗衣机又坏了,宿舍设施,中,慧湖物业中心
教务选课页面把我的必修课记录弄丢了，网络和其他网页都正常，明天选课就结束了，请协助核实。,教学设施,中,教学保障
晚饭时二食堂好多窗口已经关了，排队的人都挤在一起,食堂餐饮,中,餐饮管理
学校校门口有恶心的虫子,校园安全,中,保卫处
校园网络认证成功后无法访问网页,校园网络,高,网络管理部
宿舍楼电源插座有松动现象,宿舍设施,高,慧湖物业中心
食堂地面很滑，刚刚有人差点摔倒,校园安全,高,餐饮管理
建议在考试周开放更多安静自习区域,其他,低,人工处理
寝室跑道旁的照明灯覆盖范围不足,宿舍设施,中,慧湖物业中心
食堂的米饭经常夹生，希望检查制作流程,食堂餐饮,中,餐饮管理
食堂地面有积水，端餐时容易滑倒,校园安全,高,餐饮管理
教室有一张课桌晃动得很厉害但暂时没人受伤,教学设施,低,教学保障
图书馆三楼靠窗区域的无线网信号很弱，换个座位就正常了,校园网络,低,网络管理部
学校绿化品种好少，能不能多引入一点不同品种,其他,低,人工处理
校园路边电线裸露而且出现火花,校园安全,高,保卫处
宿舍五楼走廊有异味,宿舍设施,低,慧湖物业中心
实验室电源线破损并能看到内部金属线,校园安全,高,保卫处
保洁阿姨只打扫外侧走廊，对于洗衣机旁分叉走廊从不打扫，有人在那里屯垃圾,宿舍设施,中,慧湖物业中心
文化衫太丑了，赶紧改善一下，版型也不好,其他,低,人工处理
厕所坏掉坑位太多导致课件排队,其他,中,人工处理
教室占用情况无法查看，线上平台信息有误,教学设施,中,教学保障
体育场看台护栏晃动得很厉害,校园安全,高,保卫处
阶梯教室后排听不清音响声音,教学设施,中,教学保障
舍友熬夜打游戏影响我睡觉,其他,低,人工处理
门口闸机坏了,校园安全,高,保卫处
电子白板触控失灵，老师只能改用黑板,教学设施,中,教学保障
食堂部分窗口没有明显标注菜品名称,食堂餐饮,中,餐饮管理
饭堂难吃到爆,食堂餐饮,低,餐饮管理
希望在校园草坪附近增加校园网无线覆盖,校园网络,低,网络管理部
我舍友被子晾在楼顶了，能开一下门吗？不然晚上没被子盖了,宿舍设施,高,慧湖物业中心
宿舍热水供应时间太短，希望适当延长,宿舍设施,中,慧湖物业中心
今晚有陌生人一直尾随同学到宿舍门口，还试图强行拉人上车，请马上到场。,校园安全,高,保卫处
教室316有个椅子坏了,教学设施,低,教学保障
校园网认证页面一直加载不出来,校园网络,中,网络管理部
教室插座只是外壳有划痕，没有松动或漏电,教学设施,低,教学保障
希望增加失物招领信息的更新频率,其他,低,人工处理
114宿舍水龙头掉了,宿舍设施,中,慧湖物业中心
下雨天教学楼门口的坡道积水，轮椅很难通过,教学设施,高,教学保障
课程临时换教室只在群里通知，有同学没看到就跑错楼了,其他,中,人工处理
能不能多建几个食堂啊,其他,低,人工处理
实验室里有一台电脑开不了机，课程需要用到里面的软件,教学设施,中,教学保障
宿舍房卡感应处坏了，室友都进不去,宿舍设施,高,慧湖物业中心
校园南侧道路雨后出现较深积水,校园安全,高,保卫处
食堂窗口的餐具上还有油渍,食堂餐饮,高,餐饮管理
希望图书馆考试周可以延长开放时间,其他,低,人工处理
实验室的一台电脑无法正常开机,教学设施,中,教学保障
教学楼走廊地面有大面积积水，妨碍正常行走，希望及时处理,校园安全,中,保卫处
阶梯教室后排看不清屏幕上的字，能调整一下投影亮度吗,教学设施,低,教学保障
图书馆三楼这两天每隔十分钟就断线一次，查文献经常被打断，麻烦排查。,校园网络,中,网络管理部
自习室有几张桌子晃得厉害，写字时很不稳,教学设施,低,教学保障
图书馆借阅机无法识别校园卡,教学设施,中,教学保障
学校有人抽烟,校园安全,中,保卫处
晚餐时很多窗口提前停止营业,食堂餐饮,低,餐饮管理
流浪猫好可爱，但是有一只太胖了，能不能给它少吃点,其他,低,人工处理
宿舍有五楼有一盏灯不亮，但不影响正常走路,宿舍设施,低,慧湖物业中心
校园网络高峰期网页访问速度明显下降,校园网络,低,网络管理部
教室投影画面偏色但文字还能看清,教学设施,低,教学保障
宿舍能不能安装一个纱窗，总是有虫子飞进来,宿舍设施,中,慧湖物业中心
宿舍的柜门坏了,宿舍设施,中,慧湖物业中心
饭里有虫子,食堂餐饮,高,餐饮管理
学校大门晚上经常无法刷码进出，识别功能很差,校园安全,中,保卫处
图书馆借阅记录更新不及时,教学设施,中,教学保障
宿舍夜间走廊声音较大，影响周围房间休息,宿舍设施,低,慧湖物业中心
今天中午买的鸡肉没熟，里面还是粉色的,食堂餐饮,高,餐饮管理
教室讲台上的电脑鼠标按键失灵，老师上课只能用键盘操作，切换教学内容很不方便。,教学设施,中,教学保障
多媒体教室的设备按钮没有功能说明，设备目前都能用，建议在控制面板旁贴一张操作指南。,教学设施,低,教学保障
宿舍楼门禁设备提示错误信息,宿舍设施,中,慧湖物业中心
树枝被风吹断后悬在道路上方，随时可能掉落,校园安全,高,保卫处
教学楼一楼能连接WiFi，但网速比平时慢一些,校园网络,低,网络管理部
校园卡线上充值后扣款记录显示异常,其他,高,人工处理
宿舍楼道的灯一闪一闪的，晚上走路看不清,宿舍设施,高,慧湖物业中心
路边井盖破损，已经有人踩空,校园安全,高,保卫处
我们住的校外宿舍用的是自办宽带，连续两天掉线，网课根本听不完整。,宿舍设施,中,慧湖物业中心
大部分教学楼的桌椅都坐着好难受,教学设施,低,教学保障
201洗手池水龙头关不上了,宿舍设施,高,慧湖物业中心
食堂晚餐开始后热门窗口排队人数很多,食堂餐饮,中,餐饮管理
教学楼部分教室窗帘损坏，阳光直射屏幕,教学设施,中,教学保障
学校食堂每次的饭都是凉的,食堂餐饮,低,餐饮管理
操场边一棵大树的粗树枝已经断裂，悬在步道上方晃动，下面还有学生经过，请立即封闭这段路。,校园安全,高,保卫处
宿舍门禁识别速度很慢，经常需要重复刷卡,宿舍设施,低,慧湖物业中心
有人在餐品中发现疑似变质食材并出现不适,食堂餐饮,高,餐饮管理
教学楼三层的校园WiFi今天全部无法连接,校园网络,中,网络管理部
寝室和学校离的太远了，通勤很麻烦,其他,低,人工处理
教室讲台上的电源接口无法使用,教学设施,高,教学保障
建议增加清淡菜品和素食选择,食堂餐饮,低,餐饮管理
行政楼大厅靠窗的位置信号稍弱，不过发消息和查资料都正常，有空时能优化下覆盖吗？,校园网络,低,网络管理部
快递站工作人员服务态度不好希望改进,其他,低,人工处理
黑板表面反光严重，后排很难看清板书,教学设施,低,教学保障
建议在体育馆内增加校园WiFi覆盖,校园网络,低,网络管理部
希望社团活动通知能集中在一个页面发布，现在分散在好几个群里很容易漏看。,其他,低,人工处理
宿舍热水器出水温度忽冷忽热,宿舍设施,中,慧湖物业中心
不想上学，课好多啊,其他,低,人工处理
