"text","label","predicted_label"
"体育馆预约成功后不显示具体场地编号，每次到现场都要反复询问工作人员，已经影响正常使用。","其他","宿舍设施"
"学校班车这周连续三天没有按公布时刻发车，等了四十分钟也没车，已经多次耽误跨校区上课。","其他","宿舍设施"
"教务系统选课时一直显示加载失败","校园网络","教学设施"
"教学楼一层的疏散出口被成堆的杂物堵住，门只能打开一条缝，楼内还在上课，请马上清理。","校园安全","教学设施"
"多个教学楼同时无法访问校内教务系统","校园网络","教学设施"
"全校教学区的有线和无线网络同时中断，正在进行的多场线上考试都停了，请马上处理。","校园网络","宿舍设施"
"教室投影仪突然冒烟并出现明火，老师正在带大家撤离，请紧急处理。","校园安全","教学设施"
"多名同学在同一窗口就餐后出现呕吐和腹泻","食堂餐饮","宿舍设施"
"校园卡线下补办窗口连续两天在公告的办公时间内无人值班，我一直办不了新卡。","其他","教学设施"
"校园里有只受伤的小猫，在花坛旁边，需要人来帮忙","其他","教学设施"
"建议保卫处增加识别电信诈骗的情景讲解，现有宣传海报看起来不太容易记住。","校园安全","其他"
"今天是毕业材料提交的最后一天，全体毕业生的学籍证明都被系统生成成空白文件，急需人工协调出具有效证明。","其他","教学设施"
"开学后心理咨询预约一直没有空位，希望增加时段","其他","教学设施"
"机房电脑无法通过校园网访问教学平台","校园网络","教学设施"
"窗口刷卡两次导致重复扣费","食堂餐饮","宿舍设施"
"课堂使用的扩音设备声音断断续续","教学设施","宿舍设施"
