text,label,urgency,department
教学楼大厅的社团招新二维码已经失效，希望更新报名入口。,其他,低,人工处理
临时调课时间只发在班级群公告里，几名同学上课前才发现时间变了。,其他,中,人工处理
我在实验楼一楼捡到一串钥匙，不知道应该交到哪个失物招领点。,其他,低,人工处理
校内快递代收点显示包裹已入库，但取件页面一直查不到取件码。,其他,中,人工处理
成绩证明盖章办公室连续两天无人，材料一直无法提交。,其他,中,人工处理
校园班车临时取消后只在司机群里通知，等车的同学没有及时收到消息。,其他,中,人工处理
教学楼教室预约提交四天后仍在审核中，官网也查不到处理进度。,教学设施,中,教学保障
校园卡补办照片多次被退回，但系统没有说明尺寸和背景要求。,其他,中,人工处理
我把耳机落在图书馆储物柜附近，想询问失物登记的位置。,其他,低,人工处理
学生活动中心的海报审批流程写得不清楚，希望补充材料清单。,其他,低,人工处理
建议早餐窗口增加无糖豆浆和低糖饮品。,食堂餐饮,低,餐饮管理
食堂菜单没有标明哪些菜是素食，希望增加清楚的菜品标识。,食堂餐饮,低,餐饮管理
食堂电子价签显示十五元，结账时校园卡却扣了十八元。,食堂餐饮,中,餐饮管理
食堂公共微波炉能启动但一直不加热，饭菜放进去还是凉的。,食堂餐饮,中,餐饮管理
餐盘回收处的分类标志不清楚，大家经常把餐具放错位置。,食堂餐饮,低,餐饮管理
希望食堂在含花生和坚果的菜品旁标注过敏原信息。,食堂餐饮,低,餐饮管理
刚买的酸奶有明显酸败味，包装还在保质期内，请检查同批食品。,食堂餐饮,高,餐饮管理
我在食堂吃完凉菜后出现腹痛和呕吐，请尽快检查这个窗口的食品。,食堂餐饮,高,餐饮管理
食堂微波炉加热时突然冒烟并出现火花，附近同学已经停止使用。,校园安全,高,保卫处
食堂后厨附近闻到很重的燃气味，工作人员已经疏散周围人员。,校园安全,高,保卫处
餐厅入口地面积水且没有警示牌，刚才已有同学滑倒。,校园安全,高,保卫处
食堂吊顶板一角已经脱落并向下倾斜，下面正好是排队区域。,校园安全,高,保卫处
教学楼走廊的旧电线绝缘层破损，通电时还能看到火花。,校园安全,高,保卫处
教学楼消防通道堆满桌椅，安全出口已经无法正常通过。,校园安全,高,保卫处
实验室电源箱上课时冒烟并有焦糊味，请立即断电处理。,校园安全,高,保卫处
有人把电动车电池带进寝室充电，电池外壳已经明显发热。,校园安全,高,保卫处
教室投影仪画面严重偏色，更换电脑和连接线后仍然一样。,教学设施,中,教学保障
阶梯教室扩音器播放本地录音也会断断续续，后排听不清内容。,教学设施,中,教学保障
自习教室可用插座数量不足，希望后续检修时增加几个插座。,教学设施,低,教学保障
实验室多台电脑无法启动实验软件，其他普通程序可以正常运行。,教学设施,中,教学保障
